id,first_name,last_name,email,city,province,country
1,Ketty,Balbeck,kbalbeck0@smugmug.com,Charlemagne,Québec,Canada
2,Cristy,Lile,clile1@webeden.co.uk,New Hyde Park,New York,United States
3,Laureen,Stranio,lstranio2@tmall.com,Fort Wayne,Indiana,United States
4,Marie-jeanne,Gras,mgras3@angelfire.com,Richmond,Québec,Canada
5,Davida,Burburough,dburburough4@desdev.cn,New Orleans,Louisiana,United States
6,Estevan,Winward,ewinward5@lycos.com,Savannah,Georgia,United States
7,Forrest,Sherrett,fsherrett6@harvard.edu,Inuvik,Northwest Territories,Canada
8,Ofelia,Dabes,odabes7@webmd.com,Madison,Wisconsin,United States
9,Marietta,Kemish,mkemish8@blogspot.com,El Paso,Texas,United States
10,Dulcine,Drayson,ddrayson9@fotki.com,Saint Louis,Missouri,United States
11,Monika,Waywell,mwaywella@blogger.com,Powassan,Ontario,Canada
12,Valentina,Calladine,vcalladineb@usda.gov,Arnprior,Ontario,Canada
13,Kathleen,Fendley,kfendleyc@ebay.co.uk,Mesquite,Texas,United States
14,Corella,Grinvalds,cgrinvaldsd@themeforest.net,Washington,District of Columbia,United States
15,Nanine,Hallock,nhallocke@cbc.ca,Burnaby,British Columbia,Canada
16,Frants,Salazar,fsalazarf@nymag.com,West Palm Beach,Florida,United States
17,Libbie,Tomney,ltomneyg@mysql.com,Moosomin,Saskatchewan,Canada
18,Normand,Rabbet,nrabbeth@google.com.au,Saskatoon,Saskatchewan,Canada
19,Jasun,Quaife,jquaifei@discuz.net,Mont-Laurier,Québec,Canada
20,Vinny,Sprionghall,vsprionghallj@de.vu,Detroit,Michigan,United States
21,Betsey,Ubank,bubankk@tripadvisor.com,Langford,British Columbia,Canada
22,Nathaniel,Leneham,nlenehaml@redcross.org,Toronto,Ontario,Canada
23,Ronni,Armatys,rarmatysm@icq.com,Hanover,Ontario,Canada
24,Paddy,Dearlove,pdearloven@de.vu,Laval,Québec,Canada
25,Darrelle,Kirrens,dkirrenso@so-net.ne.jp,Amherstburg,Ontario,Canada
26,Lemar,Izkoveski,lizkoveskip@discuz.net,Newport News,Virginia,United States
27,Kesley,Jobbins,kjobbinsq@wordpress.com,Cincinnati,Ohio,United States
28,Dov,Pina,dpinar@google.com.br,New-Richmond,Québec,Canada
29,Maisie,Valder,mvalders@wiley.com,Boucherville,Québec,Canada
30,Mendy,Ladell,mladellt@deviantart.com,Allentown,Pennsylvania,United States
31,Frayda,Twentyman,ftwentymanu@chronoengine.com,Washington,District of Columbia,United States
32,Lin,Giacomi,lgiacomiv@barnesandnoble.com,Albuquerque,New Mexico,United States
33,Roxi,Maffucci,rmaffucciw@ebay.com,Campbellton,New Brunswick,Canada
34,Charis,Lackington,clackingtonx@topsy.com,Huntington Beach,California,United States
35,Rosaline,Cloney,rcloneyy@tiny.cc,Midland,Texas,United States
36,Margarethe,Sherratt,msherrattz@java.com,Evansville,Indiana,United States
37,Stanton,Wesgate,swesgate10@last.fm,Shediac,New Brunswick,Canada
38,Der,Garie,dgarie11@slashdot.org,Santa Fe,New Mexico,United States
39,Leanna,Chester,lchester12@ustream.tv,Waterloo,Québec,Canada
40,Flemming,Gisborne,fgisborne13@irs.gov,Belfast,Prince Edward Island,Canada
41,Sly,Malicki,smalicki14@latimes.com,Nanaimo,British Columbia,Canada
42,Sonni,Colwill,scolwill15@paginegialle.it,Pilot Butte,Saskatchewan,Canada
43,Hewe,Grogono,hgrogono16@free.fr,Maple Plain,Minnesota,United States
44,Kania,Golsthorp,kgolsthorp17@latimes.com,Norfolk,Virginia,United States
45,Josepha,Fuke,jfuke18@ebay.co.uk,Baton Rouge,Louisiana,United States
46,Sella,Yeoman,syeoman19@trellian.com,Los Angeles,California,United States
47,May,Hulburt,mhulburt1a@ameblo.jp,Stockton,California,United States
48,Cyrill,Filkov,cfilkov1b@odnoklassniki.ru,Walnut Grove,British Columbia,Canada
49,Hart,Brockett,hbrockett1c@hibu.com,Washington,District of Columbia,United States
50,Cathee,Trimmell,ctrimmell1d@spotify.com,Cincinnati,Ohio,United States
51,Ranice,Lopez,rlopez1e@wordpress.org,San Jose,California,United States
52,Esma,Runnett,erunnett1f@wikimedia.org,Cincinnati,Ohio,United States
53,Jeanna,Willcox,jwillcox1g@intel.com,Phoenix,Arizona,United States
54,Gannie,Fifield,gfifield1h@blog.com,Torrance,California,United States
55,Hugibert,Scardifield,hscardifield1i@japanpost.jp,Cookshire-Eaton,Québec,Canada
56,Leighton,Crampin,lcrampin1j@stanford.edu,Wilkes Barre,Pennsylvania,United States
57,Howie,Dobing,hdobing1k@multiply.com,Cleveland,Ohio,United States
58,Kayley,Widdows,kwiddows1l@census.gov,Austin,Texas,United States
59,Werner,Whewell,wwhewell1m@vistaprint.com,Irricana,Alberta,Canada
60,Skipton,Enrietto,senrietto1n@hhs.gov,Nashville,Tennessee,United States
61,Buddy,Fardy,bfardy1o@cisco.com,Acton Vale,Québec,Canada
62,Stuart,Winter,swinter1p@amazon.com,Annapolis,Maryland,United States
63,Giacobo,Dannehl,gdannehl1q@bloomberg.com,Jacksonville,Florida,United States
64,Otho,Gilphillan,ogilphillan1r@nih.gov,Saint Louis,Missouri,United States
65,Barbaraanne,Gostall,bgostall1s@epa.gov,Prince Edward,Ontario,Canada
66,Tull,Cottill,tcottill1t@ocn.ne.jp,Dallas,Texas,United States
67,Marnie,Van Weedenburg,mvanweedenburg1u@indiatimes.com,Rayside-Balfour,Ontario,Canada
68,Zack,Schimank,zschimank1v@blogtalkradio.com,Beauharnois,Québec,Canada
69,Elianore,Pates,epates1w@barnesandnoble.com,Alexandria,Virginia,United States
70,Gill,Snaddon,gsnaddon1x@tripadvisor.com,Bloomington,Indiana,United States
71,Reynolds,Eplett,replett1y@slate.com,Oakland,California,United States
72,Norbert,Zupa,nzupa1z@nba.com,Naperville,Illinois,United States
73,Gratiana,Duberry,gduberry20@xing.com,Columbia,South Carolina,United States
74,Kimbell,Sleit,ksleit21@merriam-webster.com,Las Vegas,Nevada,United States
75,Elmer,Boyat,eboyat22@mashable.com,Seattle,Washington,United States
76,Jeane,Finnimore,jfinnimore23@intel.com,Jeffersonville,Indiana,United States
77,Nanice,Tulleth,ntulleth24@smugmug.com,Scranton,Pennsylvania,United States
78,Edan,Graber,egraber25@flavors.me,Alma,Québec,Canada
79,Laney,Dowtry,ldowtry26@thetimes.co.uk,Erie,Pennsylvania,United States
80,Jenny,Creamer,jcreamer27@devhub.com,Jacksonville,Florida,United States
81,Sheppard,Duprey,sduprey28@businessinsider.com,Victoria,British Columbia,Canada
82,Kania,Kryzhov,kkryzhov29@google.com.au,Langenburg,Saskatchewan,Canada
83,Arin,Storrier,astorrier2a@bbb.org,Hope,British Columbia,Canada
84,Nissa,Roscamps,nroscamps2b@4shared.com,Morinville,Alberta,Canada
85,Saleem,Kincey,skincey2c@acquirethisname.com,Alexandria,Virginia,United States
86,Josepha,Thiese,jthiese2d@cnn.com,Boca Raton,Florida,United States
87,Aymer,Nertney,anertney2e@marketwatch.com,Kensington,Prince Edward Island,Canada
88,Liva,Weben,lweben2f@bandcamp.com,Winter Haven,Florida,United States
89,Sibelle,Ofer,sofer2g@wsj.com,Denton,Texas,United States
90,Kliment,Brewster,kbrewster2h@yelp.com,Saint Louis,Missouri,United States
91,Reynold,Iskow,riskow2i@weebly.com,Beaconsfield,Québec,Canada
92,Inigo,Keates,ikeates2j@wisc.edu,El Paso,Texas,United States
93,Rodrigo,Gullifant,rgullifant2k@ezinearticles.com,Burnaby,British Columbia,Canada
94,Cassius,Bruhke,cbruhke2l@vinaora.com,Carson City,Nevada,United States
95,Rickie,Cords,rcords2m@nifty.com,Saint-Bruno-de-Montarville,Québec,Canada
96,Marlee,Hayes,mhayes2n@godaddy.com,Raleigh,North Carolina,United States
97,Starr,Paolone,spaolone2o@hp.com,Fort Worth,Texas,United States
98,Shelbi,Clerc,sclerc2p@disqus.com,Agassiz,British Columbia,Canada
99,Marya,Oldacres,moldacres2q@yellowpages.com,Shawnee Mission,Kansas,United States
100,Hannah,Apthorpe,hapthorpe2r@shareasale.com,Hampton,Virginia,United States
101,Trenton,Fursey,tfursey2s@bluehost.com,Roanoke,Virginia,United States
102,Hortensia,Nyssen,hnyssen2t@adobe.com,San Francisco,California,United States
103,Maxie,Pavlov,mpavlov2u@merriam-webster.com,Baltimore,Maryland,United States
104,Gabi,Rigard,grigard2v@wikipedia.org,Chicago,Illinois,United States
105,Vitoria,Shirtcliffe,vshirtcliffe2w@upenn.edu,Biggar,Saskatchewan,Canada
106,Del,Sancho,dsancho2x@flickr.com,Whittier,California,United States
107,Andreana,Matchell,amatchell2y@businessinsider.com,Salt Lake City,Utah,United States
108,Raymond,Brydon,rbrydon2z@networksolutions.com,Lubbock,Texas,United States
109,Sullivan,Pointon,spointon30@studiopress.com,Salaberry-de-Valleyfield,Québec,Canada
110,Yolande,Glencrash,yglencrash31@netscape.com,Ingersoll,Ontario,Canada
111,Stace,Pargeter,spargeter32@mediafire.com,Prince Albert,Saskatchewan,Canada
112,Lauryn,Eccleston,leccleston33@list-manage.com,Fullerton,California,United States
113,Levi,Redihalgh,lredihalgh34@jugem.jp,Oklahoma City,Oklahoma,United States
114,Neille,Floyde,nfloyde35@nyu.edu,Saint-Bruno,Québec,Canada
115,Fraser,Rowbury,frowbury36@goodreads.com,Los Angeles,California,United States
116,Kessia,Maccree,kmaccree37@soundcloud.com,Vanderhoof,British Columbia,Canada
117,Annabell,Ling,aling38@tumblr.com,Fort Pierce,Florida,United States
118,Madelena,Ketchen,mketchen39@about.me,Magog,Québec,Canada
119,Kippie,Pabel,kpabel3a@jalbum.net,Rocky Mountain House,Alberta,Canada
120,Rani,Norsister,rnorsister3b@ustream.tv,El Paso,Texas,United States
121,Alano,Balbeck,abalbeck3c@amazon.co.jp,Hollywood,Florida,United States
122,Lola,Heinemann,lheinemann3d@themeforest.net,Washington,District of Columbia,United States
123,Euell,Bulbrook,ebulbrook3e@state.tx.us,Oka,Québec,Canada
124,Lynnette,Mourant,lmourant3f@diigo.com,Springfield,Illinois,United States
125,Deane,Mozzetti,dmozzetti3g@purevolume.com,Dulles,Virginia,United States
126,Cece,Bedell,cbedell3h@hexun.com,Pittsburgh,Pennsylvania,United States
127,Elyse,Bullerwell,ebullerwell3i@rediff.com,Wichita,Kansas,United States
128,Ruthann,Antonellini,rantonellini3j@miitbeian.gov.cn,Carson City,Nevada,United States
129,Cecily,Stevens,cstevens3k@domainmarket.com,Jacksonville,Florida,United States
130,Ermin,MacCurtain,emaccurtain3l@addthis.com,Kansas City,Kansas,United States
131,Anastasia,Hardwich,ahardwich3m@bloglovin.com,Mercier,Québec,Canada
132,David,Benois,dbenois3n@tuttocitta.it,Jackson,Mississippi,United States
133,Noach,Treneman,ntreneman3o@aol.com,Alma,Québec,Canada
134,Bevon,Braben,bbraben3p@cdbaby.com,Cornwall,Prince Edward Island,Canada
135,Cissiee,Halfpenny,chalfpenny3q@4shared.com,Rosthern,Saskatchewan,Canada
136,Ashlen,Perkin,aperkin3r@examiner.com,Maskinongé,Québec,Canada
137,Cyb,Tomblett,ctomblett3s@ovh.net,Fort Macleod,Alberta,Canada
138,Glyn,Motherwell,gmotherwell3t@gmpg.org,Washington,District of Columbia,United States
139,Jennette,Dosdill,jdosdill3u@ameblo.jp,Greenwood,Nova Scotia,Canada
140,Nicoli,Perrone,nperrone3v@printfriendly.com,Barraute,Québec,Canada
141,Almire,Cariss,acariss3w@chron.com,Mont-Royal,Québec,Canada
142,Yorgo,Grzesiewicz,ygrzesiewicz3x@smugmug.com,Paterson,New Jersey,United States
143,Franky,Rousell,frousell3y@umich.edu,Evansville,Indiana,United States
144,Tedd,Piggens,tpiggens3z@ft.com,Saint Augustine,Florida,United States
145,Hadleigh,Motten,hmotten40@youtube.com,Irricana,Alberta,Canada
146,Eddie,Fogel,efogel41@jugem.jp,Innisfil,Ontario,Canada
147,Judah,Simms,jsimms42@admin.ch,Philadelphia,Pennsylvania,United States
148,Torey,Nelthorpe,tnelthorpe43@storify.com,Boca Raton,Florida,United States
149,Merlina,Pilger,mpilger44@uiuc.edu,Evansville,Indiana,United States
150,Glyn,Worcs,gworcs45@slate.com,Laurel,Maryland,United States
151,Rhea,Gudyer,rgudyer46@vinaora.com,Amqui,Québec,Canada
152,Vincents,Shilstone,vshilstone47@prlog.org,Merrifield,Virginia,United States
153,Lari,Lines,llines48@rambler.ru,Lac du Bonnet,Manitoba,Canada
154,Pietro,Eccott,peccott49@addtoany.com,Atlanta,Georgia,United States
155,Greggory,Meneghelli,gmeneghelli4a@intel.com,Lexington,Kentucky,United States
156,Beltran,Barnwill,bbarnwill4b@topsy.com,Peace River,Alberta,Canada
157,Rodie,Tampling,rtampling4c@irs.gov,Rochester,New York,United States
158,Faydra,Morrel,fmorrel4d@ebay.com,Columbus,Ohio,United States
159,Adella,Main,amain4e@dedecms.com,Houston,Texas,United States
160,Christina,Skeeles,cskeeles4f@yahoo.co.jp,Kitchener,Ontario,Canada
161,Ardra,Chieco,achieco4g@state.tx.us,Bloomington,Indiana,United States
162,Lenette,Shilito,lshilito4h@spotify.com,Tallahassee,Florida,United States
163,Eden,Shepeard,eshepeard4i@csmonitor.com,Nackawic,New Brunswick,Canada
164,Drona,Fritschmann,dfritschmann4j@friendfeed.com,Fort Myers,Florida,United States
165,Torrey,Duffield,tduffield4k@ca.gov,Oromocto,New Brunswick,Canada
166,Tadio,Greeve,tgreeve4l@google.co.jp,Saint Paul,Minnesota,United States
167,Erminie,Dinsale,edinsale4m@amazon.com,Sacramento,California,United States
168,Gussy,Danilovitch,gdanilovitch4n@histats.com,Peterborough,Ontario,Canada
169,Lyndel,Govett,lgovett4o@ucoz.com,Nanaimo,British Columbia,Canada
170,Garth,Kliemann,gkliemann4p@ask.com,Santa Ana,California,United States
171,Elsey,Wulfinger,ewulfinger4q@bigcartel.com,Nicolet,Québec,Canada
172,Inna,Dusey,idusey4r@so-net.ne.jp,Sacramento,California,United States
173,Monique,Olliffe,molliffe4s@amazonaws.com,Omemee,Ontario,Canada
174,Mariquilla,Rowling,mrowling4t@hhs.gov,Birmingham,Alabama,United States
175,Noella,Castagno,ncastagno4u@uiuc.edu,Boca Raton,Florida,United States
176,Arleen,Gauvin,agauvin4v@jigsy.com,Johnson City,Tennessee,United States
177,Winfield,Heiton,wheiton4w@mlb.com,Jackson,Mississippi,United States
178,Kit,Whanstall,kwhanstall4x@delicious.com,Reno,Nevada,United States
179,Debbie,Carville,dcarville4y@tmall.com,New York City,New York,United States
180,Conrade,Grishenkov,cgrishenkov4z@ask.com,Roberval,Québec,Canada
181,Flori,Adamsky,fadamsky50@nifty.com,Chattanooga,Tennessee,United States
182,Zane,Josefs,zjosefs51@washingtonpost.com,Lac-Brome,Québec,Canada
183,Helyn,Westfalen,hwestfalen52@storify.com,Washington,District of Columbia,United States
184,Carola,Simioni,csimioni53@google.es,Manassas,Virginia,United States
185,Lynelle,Jansen,ljansen54@cam.ac.uk,Gananoque,Ontario,Canada
186,Adelind,Timny,atimny55@wikispaces.com,Warwick,Québec,Canada
187,Jesus,Allcott,jallcott56@google.co.jp,Denver,Colorado,United States
188,Sandy,Burriss,sburriss57@theatlantic.com,Chico,California,United States
189,Bastien,Bednell,bbednell58@privacy.gov.au,Thessalon,Ontario,Canada
190,Giff,Kobelt,gkobelt59@europa.eu,Oxbow,Saskatchewan,Canada
191,Sanderson,Nise,snise5a@qq.com,Washington,District of Columbia,United States
192,Manfred,Carefull,mcarefull5b@macromedia.com,Pinellas Park,Florida,United States
193,Lilllie,Tomczykowski,ltomczykowski5c@de.vu,Mesa,Arizona,United States
194,Inesita,Beare,ibeare5d@wsj.com,Malartic,Québec,Canada
195,Cirstoforo,Cousins,ccousins5e@dmoz.org,Omaha,Nebraska,United States
196,Killy,Fawdry,kfawdry5f@ovh.net,Los Angeles,California,United States
197,Rora,Meadowcraft,rmeadowcraft5g@purevolume.com,Torrance,California,United States
198,Elia,Sandwick,esandwick5h@prnewswire.com,Oakland,California,United States
199,Patrizia,Stitwell,pstitwell5i@mit.edu,Des Moines,Iowa,United States
200,Rurik,Pullen,rpullen5j@printfriendly.com,New Haven,Connecticut,United States
201,Janos,Cords,jcords5k@hao123.com,Dallas,Texas,United States
202,Sal,Reddings,sreddings5l@scientificamerican.com,Santa Monica,California,United States
203,Darin,Guswell,dguswell5m@disqus.com,Sechelt,British Columbia,Canada
204,Daniel,Beresfore,dberesfore5n@friendfeed.com,Ashcroft,British Columbia,Canada
205,Moshe,Hanscomb,mhanscomb5o@1und1.de,Pilot Butte,Saskatchewan,Canada
206,Gipsy,Dewdeny,gdewdeny5p@harvard.edu,Garland,Texas,United States
207,Eldin,MacKenney,emackenney5q@zdnet.com,West Palm Beach,Florida,United States
208,Alyda,Abramino,aabramino5r@friendfeed.com,Santa Cruz,California,United States
209,Salome,Bingham,sbingham5s@upenn.edu,Bonavista,Newfoundland and Labrador,Canada
210,Leonora,Thornham,lthornham5t@ebay.com,Knoxville,Tennessee,United States
211,Shurwood,Hawkswood,shawkswood5u@netlog.com,Arnprior,Ontario,Canada
212,Bryn,Dohmer,bdohmer5v@trellian.com,Lubbock,Texas,United States
213,Matilde,Podbury,mpodbury5w@bloglines.com,Baltimore,Maryland,United States
214,Cleo,Shackle,cshackle5x@geocities.com,Raymond,Alberta,Canada
215,Mara,Burvill,mburvill5y@skyrock.com,Greensboro,North Carolina,United States
216,Elspeth,Galey,egaley5z@disqus.com,Saint Paul,Minnesota,United States
217,Cornela,Danigel,cdanigel60@google.fr,Nashville,Tennessee,United States
218,Dareen,Marchetti,dmarchetti61@smh.com.au,Lynchburg,Virginia,United States
219,Tessa,Patrick,tpatrick62@sun.com,Washington,District of Columbia,United States
220,Dorise,Arr,darr63@163.com,Raymond,Alberta,Canada
221,Silvester,Veryard,sveryard64@scribd.com,Saint Andrews,New Brunswick,Canada
222,Josi,Limming,jlimming65@ucsd.edu,Saint Paul,Minnesota,United States
223,Malcolm,Fermer,mfermer66@zdnet.com,Huntington,West Virginia,United States
224,Rees,Cabedo,rcabedo67@hhs.gov,Sarnia,Ontario,Canada
225,Brocky,Simyson,bsimyson68@netscape.com,Toronto,Ontario,Canada
226,Janene,Josephy,jjosephy69@utexas.edu,Sussex,New Brunswick,Canada
227,Jilli,McDougal,jmcdougal6a@ask.com,Murfreesboro,Tennessee,United States
228,Morgan,Crammy,mcrammy6b@trellian.com,Wilmington,North Carolina,United States
229,Josselyn,Cracknall,jcracknall6c@mac.com,Lac-Mégantic,Québec,Canada
230,Felicia,Bucke,fbucke6d@ft.com,Napanee Downtown,Ontario,Canada
231,Kent,Lutzmann,klutzmann6e@gravatar.com,Springfield,Illinois,United States
232,Duncan,Callinan,dcallinan6f@cloudflare.com,Orlando,Florida,United States
233,Vladimir,Wolverson,vwolverson6g@jiathis.com,Amarillo,Texas,United States
234,Jon,O' Cuolahan,jocuolahan6h@ft.com,Houston,Texas,United States
235,Shepherd,Sadry,ssadry6i@de.vu,Trenton,New Jersey,United States
236,Christopher,Yitzovitz,cyitzovitz6j@slate.com,Pont-Rouge,Québec,Canada
237,Gun,Stutter,gstutter6k@fastcompany.com,White Rock,British Columbia,Canada
238,Zerk,Crockatt,zcrockatt6l@phpbb.com,Orangeville,Ontario,Canada
239,Amii,Warnes,awarnes6m@fotki.com,Viking,Alberta,Canada
240,Mathian,Fordy,mfordy6n@nyu.edu,Baton Rouge,Louisiana,United States
241,Cleo,Acreman,cacreman6o@so-net.ne.jp,Greensboro,North Carolina,United States
242,Nikolia,Izac,nizac6p@house.gov,Stettler,Alberta,Canada
243,Damon,Skellen,dskellen6q@cbc.ca,North Perth,Ontario,Canada
244,Sabra,Mabbutt,smabbutt6r@hostgator.com,Norman Wells,Northwest Territories,Canada
245,Jade,Aguilar,jaguilar6s@surveymonkey.com,West Hartford,Connecticut,United States
246,Felisha,Codron,fcodron6t@patch.com,Amqui,Québec,Canada
247,Kandace,Baxstair,kbaxstair6u@examiner.com,Saint John,New Brunswick,Canada
248,April,Blunderfield,ablunderfield6v@hibu.com,Stony Plain,Alberta,Canada
249,Michel,Claisse,mclaisse6w@theatlantic.com,Cap-Santé,Québec,Canada
250,Reta,Laughlin,rlaughlin6x@chronoengine.com,Sainte-Anne-des-Plaines,Québec,Canada
251,Shela,Haley,shaley6y@rakuten.co.jp,Corona,California,United States
252,Stesha,MacVay,smacvay6z@bbb.org,Atlanta,Georgia,United States
253,Murial,Jannings,mjannings70@hhs.gov,San Francisco,California,United States
254,Constantia,Thackeray,cthackeray71@shutterfly.com,Rochester,New York,United States
255,Pollyanna,Miguel,pmiguel72@msu.edu,Fruitvale,British Columbia,Canada
256,Freemon,Dinsmore,fdinsmore73@etsy.com,Jackson,Mississippi,United States
257,Corly,Tawton,ctawton74@instagram.com,Pensacola,Florida,United States
258,Ernaline,Westberg,ewestberg75@zdnet.com,Huntington Beach,California,United States
259,Susan,Guesford,sguesford76@com.com,Charlotte,North Carolina,United States
260,Rip,Shulver,rshulver77@unicef.org,Mobile,Alabama,United States
261,Ilise,Gentiry,igentiry78@cbsnews.com,Brant,Ontario,Canada
262,Merry,Bardnam,mbardnam79@thetimes.co.uk,Olympia,Washington,United States
263,Trixi,Tideswell,ttideswell7a@washingtonpost.com,Peace River,Alberta,Canada
264,Lowrance,Gapper,lgapper7b@tuttocitta.it,Flushing,New York,United States
265,Jolyn,Coiley,jcoiley7c@w3.org,Pompano Beach,Florida,United States
266,Salomon,Jakubowski,sjakubowski7d@last.fm,Fort Wayne,Indiana,United States
267,Jacquenetta,Gingell,jgingell7e@businessweek.com,Vegreville,Alberta,Canada
268,Joanie,Hainey,jhainey7f@sciencedirect.com,Orillia,Ontario,Canada
269,Tabby,McLachlan,tmclachlan7g@discuz.net,Lanigan,Saskatchewan,Canada
270,Benny,Shiel,bshiel7h@studiopress.com,San Antonio,Texas,United States
271,Dorotea,Sabates,dsabates7i@myspace.com,Sundre,Alberta,Canada
272,Elli,Madner,emadner7j@rambler.ru,New Orleans,Louisiana,United States
273,Gerri,Townshend,gtownshend7k@mozilla.org,Fermont,Québec,Canada
274,Burtie,Hiers,bhiers7l@noaa.gov,Grande Cache,Alberta,Canada
275,Neville,Jouandet,njouandet7m@sogou.com,Saint Louis,Missouri,United States
276,Taylor,Lardner,tlardner7n@devhub.com,Lancaster,California,United States
277,Alverta,Seif,aseif7o@blogtalkradio.com,Wilmington,Delaware,United States
278,Chelsie,Searsby,csearsby7p@seesaa.net,Greensboro,North Carolina,United States
279,Guntar,Wakely,gwakely7q@hhs.gov,Tampa,Florida,United States
280,Thom,Nary,tnary7r@cam.ac.uk,Saint-Sauveur,Québec,Canada
281,Jedediah,Danilin,jdanilin7s@archive.org,New Orleans,Louisiana,United States
282,Alano,McFfaden,amcffaden7t@usnews.com,Los Angeles,California,United States
283,Moises,Thackham,mthackham7u@intel.com,Houston,Texas,United States
284,Thomasine,Beccles,tbeccles7v@jugem.jp,Washington,District of Columbia,United States
285,Marielle,Tootell,mtootell7w@europa.eu,San Angelo,Texas,United States
286,Rance,Vizor,rvizor7x@infoseek.co.jp,Daveluyville,Québec,Canada
287,Sheelah,Askam,saskam7y@wikispaces.com,Memphis,Tennessee,United States
288,Gaylor,Tilzey,gtilzey7z@ucsd.edu,Saint Louis,Missouri,United States
289,Cyrille,Wickardt,cwickardt80@java.com,Fort Lauderdale,Florida,United States
290,Joe,Klimus,jklimus81@barnesandnoble.com,Fort Erie,Ontario,Canada
291,Harlin,Jecock,hjecock82@discovery.com,Birmingham,Alabama,United States
292,Lek,Whissell,lwhissell83@myspace.com,Beausejour,Manitoba,Canada
293,Sven,Ellit,sellit84@creativecommons.org,Havre-Saint-Pierre,Québec,Canada
294,Katy,Beggan,kbeggan85@usnews.com,Senneterre,Québec,Canada
295,Guss,Plews,gplews86@addthis.com,Delson,Québec,Canada
296,Norry,de Guise,ndeguise87@bing.com,Akron,Ohio,United States
297,Marcel,Goney,mgoney88@soup.io,Phoenix,Arizona,United States
298,Berte,Boog,bboog89@constantcontact.com,Saint-Lin-Laurentides,Québec,Canada
299,Sandy,Devaney,sdevaney8a@t-online.de,Grand Rapids,Michigan,United States
300,Clemens,Baylie,cbaylie8b@vinaora.com,Antigonish,Nova Scotia,Canada
301,Carole,Benettolo,cbenettolo8c@hostgator.com,Portland,Oregon,United States
302,Dedra,Lagne,dlagne8d@google.co.jp,New Bedford,Massachusetts,United States
303,Washington,Caro,wcaro8e@reddit.com,Hamilton,Ohio,United States
304,Hollie,Hehir,hhehir8f@bravesites.com,Fort Wayne,Indiana,United States
305,Augy,Dancer,adancer8g@army.mil,Boca Raton,Florida,United States
306,Bridget,Hedney,bhedney8h@time.com,Fruitvale,British Columbia,Canada
307,Maggi,Ricciardelli,mricciardelli8i@freewebs.com,Biggar,Saskatchewan,Canada
308,Thedric,Metherell,tmetherell8j@buzzfeed.com,Kansas City,Missouri,United States
309,Mignon,Heathorn,mheathorn8k@about.me,Las Vegas,Nevada,United States
310,Art,Neno,aneno8l@imgur.com,Lynn,Massachusetts,United States
311,Lucila,Powney,lpowney8m@topsy.com,North York,Ontario,Canada
312,Malynda,McCloid,mmccloid8n@over-blog.com,Austin,Texas,United States
313,Veda,Skayman,vskayman8o@stumbleupon.com,Unity,Saskatchewan,Canada
314,Clemmy,Minto,cminto8p@apple.com,Amarillo,Texas,United States
315,Erda,O'Corr,eocorr8q@cyberchimps.com,New York City,New York,United States
316,Cissiee,Conti,cconti8r@hugedomains.com,Houston,British Columbia,Canada
317,Sibel,Ayris,sayris8s@icio.us,Tulsa,Oklahoma,United States
318,Elisabet,Finlaison,efinlaison8t@sfgate.com,Jamaica,New York,United States
319,Rutger,Piff,rpiff8u@tamu.edu,Springfield,Missouri,United States
320,Cleo,Stainton - Skinn,cstaintonskinn8v@canalblog.com,Independence,Missouri,United States
321,Pascale,Brownsill,pbrownsill8w@smh.com.au,New Bedford,Massachusetts,United States
322,Balduin,Ruddoch,bruddoch8x@geocities.com,Normandin,Québec,Canada
323,Jeddy,Meneghelli,jmeneghelli8y@so-net.ne.jp,Langford,British Columbia,Canada
324,Marnia,Longbothom,mlongbothom8z@example.com,Rochester,Minnesota,United States
325,Worthy,Kingcott,wkingcott90@comcast.net,Bromont,Québec,Canada
326,Clywd,Brounfield,cbrounfield91@hhs.gov,Austin,Texas,United States
327,Antoinette,Bagnold,abagnold92@lycos.com,Palmdale,California,United States
328,Melita,Sivier,msivier93@hp.com,Saint Louis,Missouri,United States
329,Raddy,Jacobowitz,rjacobowitz94@google.com.hk,Whittier,California,United States
330,Mattie,Giacopelo,mgiacopelo95@feedburner.com,Zephyrhills,Florida,United States
331,Conchita,Hayler,chayler96@archive.org,Weyburn,Saskatchewan,Canada
332,Sissy,Manvelle,smanvelle97@canalblog.com,Petaluma,California,United States
333,Gretchen,Ramplee,gramplee98@rediff.com,Durham,North Carolina,United States
334,Ahmed,Wilber,awilber99@auda.org.au,Topeka,Kansas,United States
335,Tymon,Olczak,tolczak9a@chron.com,Fort Worth,Texas,United States
336,Bjorn,Gollin,bgollin9b@marketwatch.com,Leduc,Alberta,Canada
337,Jeana,Schroter,jschroter9c@blog.com,Grande Prairie,Alberta,Canada
338,Bern,Boram,bboram9d@rambler.ru,Rivière-du-Loup,Québec,Canada
339,Lynette,Rittmeyer,lrittmeyer9e@ucsd.edu,Fairbanks,Alaska,United States
340,Lian,Fountian,lfountian9f@sbwire.com,Jefferson City,Missouri,United States
341,Christoph,Ashment,cashment9g@paginegialle.it,Bridgewater,Nova Scotia,Canada
342,Giselle,Halliberton,ghalliberton9h@addthis.com,Whittier,California,United States
343,Maxie,Allingham,mallingham9i@mozilla.org,Vancouver,Washington,United States
344,Margaretha,Herrieven,mherrieven9j@moonfruit.com,Saint-Bruno,Québec,Canada
345,Benito,Dulinty,bdulinty9k@weather.com,Chicago,Illinois,United States
346,Barr,Eickhoff,beickhoff9l@aol.com,Beaconsfield,Québec,Canada
347,Isabel,Grastye,igrastye9m@hhs.gov,Beaufort,South Carolina,United States
348,Scotty,Kynman,skynman9n@mashable.com,Nashville,Tennessee,United States
349,Gene,Affleck,gaffleck9o@google.de,Morinville,Alberta,Canada
350,Georgianna,Cristofano,gcristofano9p@discovery.com,Nackawic,New Brunswick,Canada
351,Kirsten,Cowderay,kcowderay9q@uiuc.edu,San Jose,California,United States
352,Julius,Hartas,jhartas9r@rambler.ru,Cornwall,Prince Edward Island,Canada
353,Thorin,Saladino,tsaladino9s@bigcartel.com,Stony Plain,Alberta,Canada
354,Gareth,Wellbank,gwellbank9t@nydailynews.com,Lakeland,Florida,United States
355,Gal,Ridsdale,gridsdale9u@oaic.gov.au,Phoenix,Arizona,United States
356,Saudra,Kingzeth,skingzeth9v@amazon.de,Logan Lake,British Columbia,Canada
357,Cassie,Rubenczyk,crubenczyk9w@simplemachines.org,Anchorage,Alaska,United States
358,Margeaux,Symes,msymes9x@constantcontact.com,Seattle,Washington,United States
359,Hilly,Billinge,hbillinge9y@gravatar.com,Tucson,Arizona,United States
360,Justinian,Roberts,jroberts9z@soundcloud.com,Metchosin,British Columbia,Canada
361,Hillery,Eastment,heastmenta0@wp.com,Waco,Texas,United States
362,Rolph,Verrillo,rverrilloa1@un.org,Saint-Eustache,Québec,Canada
363,Carlee,Hemstead,chemsteada2@ifeng.com,Bronx,New York,United States
364,Aldin,Lettson,alettsona3@flickr.com,Houston,Texas,United States
365,Briant,Georgius,bgeorgiusa4@merriam-webster.com,Vancouver,Washington,United States
366,Horace,Dunbar,hdunbara5@naver.com,Grand Forks,North Dakota,United States
367,Lorena,Petrou,lpetroua6@squarespace.com,Sainte-Anne-des-Monts,Québec,Canada
368,Hervey,Perrott,hperrotta7@salon.com,Port Colborne,Ontario,Canada
369,Matthieu,Norewood,mnorewooda8@google.com.br,Tucson,Arizona,United States
370,Kali,Burkinshaw,kburkinshawa9@walmart.com,Kelowna,British Columbia,Canada
371,Alysa,Crus,acrusaa@si.edu,Flin Flon,Manitoba,Canada
372,Klemens,Cant,kcantab@weebly.com,Phoenix,Arizona,United States
373,Lauren,Dorman,ldormanac@hc360.com,Sacramento,California,United States
374,Pietrek,Durnford,pdurnfordad@wikia.com,Laval,Québec,Canada
375,Collen,Jiroudek,cjiroudekae@imageshack.us,Anniston,Alabama,United States
376,Ephraim,Colten,ecoltenaf@spotify.com,Akron,Ohio,United States
377,Goober,Forst,gforstag@intel.com,Irving,Texas,United States
378,Xever,Pales,xpalesah@joomla.org,Sacramento,California,United States
379,Sander,Stenyng,sstenyngai@amazon.de,Fort Worth,Texas,United States
380,Bebe,Fortnum,bfortnumaj@marketwatch.com,Mercier,Québec,Canada
381,Jorie,Michelmore,jmichelmoreak@sciencedirect.com,Pittsburgh,Pennsylvania,United States
382,Norrie,MacNockater,nmacnockateral@dyndns.org,Bryan,Texas,United States
383,Olimpia,Badman,obadmanam@ebay.com,Arnprior,Ontario,Canada
384,Nani,Doble,ndoblean@msu.edu,Indianapolis,Indiana,United States
385,Fin,Wanjek,fwanjekao@miibeian.gov.cn,Lambton Shores,Ontario,Canada
386,Parrnell,Spat,pspatap@tuttocitta.it,Knoxville,Tennessee,United States
387,Jere,Neill,jneillaq@rediff.com,Catalina,Newfoundland and Labrador,Canada
388,Rhea,Spowage,rspowagear@alexa.com,North Bay,Ontario,Canada
389,Parry,Peagrim,ppeagrimas@php.net,Campbellton,New Brunswick,Canada
390,Manuel,Mosedall,mmosedallat@baidu.com,Philadelphia,Pennsylvania,United States
391,Glynis,Chilver,gchilverau@fastcompany.com,Arlington,Virginia,United States
392,Merrielle,Hewins,mhewinsav@blog.com,Thetford-Mines,Québec,Canada
393,Rosmunda,Cowburn,rcowburnaw@biblegateway.com,Tampa,Florida,United States
394,Rawley,Grimbleby,rgrimblebyax@wordpress.org,Norman Wells,Northwest Territories,Canada
395,Pamela,Robun,probunay@nyu.edu,Thorold,Ontario,Canada
396,Bonny,Tate,btateaz@soundcloud.com,Summerside,Prince Edward Island,Canada
397,Cornela,Waleworke,cwaleworkeb0@bloglovin.com,Fort Worth,Texas,United States
398,Alix,Croci,acrocib1@dot.gov,Jacksonville,Florida,United States
399,Gigi,Droghan,gdroghanb2@discuz.net,Miami Beach,Florida,United States
400,Mona,Shoobridge,mshoobridgeb3@aol.com,Maple Plain,Minnesota,United States
401,Ellerey,Bandt,ebandtb4@hp.com,Long Beach,California,United States
402,Iris,Veryard,iveryardb5@globo.com,Hollywood,Florida,United States
403,Elly,Wiggam,ewiggamb6@hao123.com,Mobile,Alabama,United States
404,Townsend,Lucchi,tlucchib7@telegraph.co.uk,Okotoks,Alberta,Canada
405,Debbi,Effnert,deffnertb8@gizmodo.com,Jackson,Mississippi,United States
406,Talbert,Northen,tnorthenb9@parallels.com,Shreveport,Louisiana,United States
407,Reggie,Stephens,rstephensba@walmart.com,Charleston,West Virginia,United States
408,Astrix,Bydaway,abydawaybb@miitbeian.gov.cn,Boston,Massachusetts,United States
409,Lindi,Rallin,lrallinbc@abc.net.au,Las Vegas,Nevada,United States
410,Jess,Gytesham,jgyteshambd@mayoclinic.com,Sacramento,California,United States
411,Dorothy,Rising,drisingbe@jimdo.com,San Jose,California,United States
412,Celka,Treble,ctreblebf@is.gd,New York City,New York,United States
413,Lorene,Howgate,lhowgatebg@omniture.com,Oakland,California,United States
414,Pierrette,Fraulo,pfraulobh@ca.gov,Sparwood,British Columbia,Canada
415,Curran,Tuxwell,ctuxwellbi@yelp.com,Saint Louis,Missouri,United States
416,Alecia,Gillet,agilletbj@senate.gov,Iqaluit,Nunavut,Canada
417,Mahmud,Bellie,mbelliebk@slashdot.org,San Diego,California,United States
418,Denys,Curteis,dcurteisbl@oracle.com,Cumming,Georgia,United States
419,Kippar,Eynaud,keynaudbm@princeton.edu,New York City,New York,United States
420,Bryn,Brash,bbrashbn@ycombinator.com,Austin,Texas,United States
421,Herbie,Klimus,hklimusbo@feedburner.com,Prévost,Québec,Canada
422,Mason,Matiebe,mmatiebebp@nature.com,Assiniboia,Saskatchewan,Canada
423,Caroline,Tasch,ctaschbq@tumblr.com,L'Île-Perrot,Québec,Canada
424,Marlena,Astbury,mastburybr@elegantthemes.com,Morinville,Alberta,Canada
425,Danyette,Perry,dperrybs@home.pl,Taber,Alberta,Canada
426,Lorant,Deeney,ldeeneybt@angelfire.com,Phoenix,Arizona,United States
427,Mercedes,MacPaik,mmacpaikbu@sina.com.cn,Colorado Springs,Colorado,United States
428,Amelie,Blamey,ablameybv@gizmodo.com,Boisbriand,Québec,Canada
429,Erhard,Crummy,ecrummybw@vistaprint.com,Clearwater,Florida,United States
430,Theresita,Gorman,tgormanbx@who.int,Kansas City,Kansas,United States
431,Wallis,Negus,wnegusby@taobao.com,Nashville,Tennessee,United States
432,Rolland,Harrison,rharrisonbz@microsoft.com,Durham,North Carolina,United States
433,Zachariah,Szymanski,zszymanskic0@flavors.me,Jacksonville,Florida,United States
434,Samuele,Josham,sjoshamc1@google.com,Dallas,Texas,United States
435,Giulio,Silkston,gsilkstonc2@tuttocitta.it,Norfolk,Virginia,United States
436,Gayle,Keuning,gkeuningc3@opensource.org,Mont-Joli,Québec,Canada
437,Meg,Rack,mrackc4@diigo.com,Donnacona,Québec,Canada
438,Nikos,Garthside,ngarthsidec5@godaddy.com,Prévost,Québec,Canada
439,Kingsley,De Minico,kdeminicoc6@nhs.uk,Saint-André-Avellin,Québec,Canada
440,Granny,Casetti,gcasettic7@ca.gov,Tulsa,Oklahoma,United States
441,Currey,Ovitts,covittsc8@diigo.com,Corona,California,United States
442,Julianne,Newnham,jnewnhamc9@reverbnation.com,Hollywood,Florida,United States
443,Goldi,Houston,ghoustonca@geocities.jp,Orlando,Florida,United States
444,Maribel,Grenfell,mgrenfellcb@wordpress.org,Amarillo,Texas,United States
445,Norman,Etches,netchescc@omniture.com,Saint-Bruno,Québec,Canada
446,Deborah,Eccles,decclescd@vkontakte.ru,Morinville,Alberta,Canada
447,Corbin,Conklin,cconklince@hubpages.com,Dallas,Texas,United States
448,Laurena,Danielut,ldanielutcf@va.gov,Chattanooga,Tennessee,United States
449,Sofia,Drakes,sdrakescg@google.pl,Miami,Florida,United States
450,Jaime,Antonomolii,jantonomoliich@senate.gov,Niagara Falls,Ontario,Canada
451,Libbi,Jakubowsky,ljakubowskyci@un.org,Whistler,British Columbia,Canada
452,Kathie,Simao,ksimaocj@answers.com,Staten Island,New York,United States
453,Breanne,Ravenscroftt,bravenscrofttck@tripadvisor.com,Elmira,New York,United States
454,Christopher,Sextie,csextiecl@nbcnews.com,Boston,Massachusetts,United States
455,Christi,Davall,cdavallcm@wikipedia.org,Bassano,Alberta,Canada
456,Susana,Biggin,sbiggincn@utexas.edu,Jacksonville,Florida,United States
457,Linn,Mc Combe,lmccombeco@blog.com,Carson City,Nevada,United States
458,Ariadne,Spinige,aspinigecp@bravesites.com,Seattle,Washington,United States
459,Even,Foffano,efoffanocq@apache.org,Drayton Valley,Alberta,Canada
460,Honey,Downton,hdowntoncr@biglobe.ne.jp,Montréal,Québec,Canada
461,Hebert,Gurys,hguryscs@com.com,Washington,District of Columbia,United States
462,Laurena,Sinderson,lsindersonct@tinypic.com,Grand Rapids,Michigan,United States
463,Lucinda,O'Carrol,locarrolcu@wix.com,Jacksonville,Florida,United States
464,Hildagard,Kaufman,hkaufmancv@github.com,Maple Ridge,British Columbia,Canada
465,Calv,Occleshaw,coccleshawcw@marriott.com,Murfreesboro,Tennessee,United States
466,Lotti,Mylan,lmylancx@newsvine.com,Winter Haven,Florida,United States
467,Casey,Sloyan,csloyancy@t-online.de,Houston,Texas,United States
468,Evvy,Meeking,emeekingcz@europa.eu,High Point,North Carolina,United States
469,Marietta,Janeway,mjanewayd0@arstechnica.com,Mont-Joli,Québec,Canada
470,Feodor,Medmore,fmedmored1@marriott.com,Minneapolis,Minnesota,United States
471,Constancia,McTrustey,cmctrusteyd2@lycos.com,Pangnirtung,Nunavut,Canada
472,Dallas,Westell,dwestelld3@intel.com,Hanna,Alberta,Canada
473,Ronny,Leet,rleetd4@nifty.com,Lakeland,Florida,United States
474,Jodi,Mallan,jmalland5@arizona.edu,Atlanta,Georgia,United States
475,Garey,Matusovsky,gmatusovskyd6@jiathis.com,Young America,Minnesota,United States
476,Nevin,Salle,nsalled7@symantec.com,Saint-Sauveur,Québec,Canada
477,Nikoletta,Blackham,nblackhamd8@studiopress.com,Oceanside,California,United States
478,Elita,Dive,edived9@tinyurl.com,Selkirk,Manitoba,Canada
479,Sada,Lulham,slulhamda@newyorker.com,Harrisburg,Pennsylvania,United States
480,Kristel,Ianetti,kianettidb@princeton.edu,Ajax,Ontario,Canada
481,Sim,Beamson,sbeamsondc@craigslist.org,Tampa,Florida,United States
482,Karlotte,Oxlade,koxladedd@addtoany.com,Chicago,Illinois,United States
483,Yank,Tredgold,ytredgoldde@mediafire.com,Matagami,Québec,Canada
484,Mercedes,Gibke,mgibkedf@furl.net,Melbourne,Florida,United States
485,Wenona,Schneider,wschneiderdg@mozilla.com,Evansville,Indiana,United States
486,Malvin,Risson,mrissondh@sbwire.com,Huntsville,Alabama,United States
487,Sibyl,Deshorts,sdeshortsdi@webmd.com,Lexington,Kentucky,United States
488,Christen,Bowater,cbowaterdj@sfgate.com,Swift Current,Saskatchewan,Canada
489,Scotty,Sotham,ssothamdk@toplist.cz,Blackfalds,Alberta,Canada
490,Roley,Dash,rdashdl@geocities.com,Morris,Manitoba,Canada
491,Ly,Accum,laccumdm@dailymotion.com,Corona,California,United States
492,Marcile,Borsay,mborsaydn@buzzfeed.com,Dayton,Ohio,United States
493,Mignonne,Hatcliffe,mhatcliffedo@de.vu,Fort Wayne,Indiana,United States
494,Kleon,Edmett,kedmettdp@boston.com,Swift Current,Saskatchewan,Canada
495,Blondie,Mineghelli,bmineghellidq@etsy.com,Stamford,Connecticut,United States
496,Eadie,Comley,ecomleydr@usa.gov,Saint Petersburg,Florida,United States
497,Hilde,Borsay,hborsayds@uiuc.edu,Round Rock,Texas,United States
498,York,Tegler,yteglerdt@ycombinator.com,Duluth,Georgia,United States
499,Billie,Castagnasso,bcastagnassodu@lycos.com,Richmond,Virginia,United States
500,Traver,Blazewicz,tblazewiczdv@google.ca,Sundre,Alberta,Canada
501,Albrecht,Oki,aokidw@time.com,Van Nuys,California,United States
502,Ara,Kibel,akibeldx@loc.gov,Crossfield,Alberta,Canada
503,Barbara-anne,Lawerence,blawerencedy@wufoo.com,Canmore,Alberta,Canada
504,Georas,Headland,gheadlanddz@google.co.jp,Tampa,Florida,United States
505,Odell,Lissemore,olissemoree0@economist.com,Kensington,Prince Edward Island,Canada
506,Thomasin,Gallaher,tgallahere1@qq.com,Kansas City,Kansas,United States
507,Guinna,Tapenden,gtapendene2@europa.eu,Lanigan,Saskatchewan,Canada
508,Sherry,Hulson,shulsone3@elpais.com,Grand Junction,Colorado,United States
509,Benoite,Flather,bflathere4@gnu.org,Carlsbad,California,United States
510,Ailey,Avis,aavise5@1688.com,Carleton Place,Ontario,Canada
511,Cinda,Pala,cpalae6@imageshack.us,Louisville,Kentucky,United States
512,Rowland,Rewan,rrewane7@biglobe.ne.jp,Prince Edward,Ontario,Canada
513,Imogen,Fattori,ifattorie8@un.org,Cedar Rapids,Iowa,United States
514,Maressa,McGonagle,mmcgonaglee9@msu.edu,New York City,New York,United States
515,Leola,Van Eeden,lvaneedenea@time.com,Swift Current,Saskatchewan,Canada
516,Lawry,Loughton,lloughtoneb@nih.gov,Toledo,Ohio,United States
517,Oby,Keilloh,okeillohec@nature.com,Hagerstown,Maryland,United States
518,Brigitte,Guest,bguested@reuters.com,Boisbriand,Québec,Canada
519,Valenka,Welfare,vwelfareee@marriott.com,Phoenix,Arizona,United States
520,Sybille,Janny,sjannyef@walmart.com,Columbus,Georgia,United States
521,Zacharie,Bierman,zbiermaneg@msu.edu,Waterbury,Connecticut,United States
522,Katrinka,Albrecht,kalbrechteh@booking.com,Grand Rapids,Michigan,United States
523,Stinky,Doubleday,sdoubledayei@elegantthemes.com,Shawnee Mission,Kansas,United States
524,Timofei,Erett,terettej@va.gov,Shawnee Mission,Kansas,United States
525,Tilly,Seeborne,tseeborneek@china.com.cn,Montgomery,Alabama,United States
526,Lynda,Nacey,lnaceyel@topsy.com,Sainte-Martine,Québec,Canada
527,Devan,De La Cote,ddelacoteem@stumbleupon.com,Wilmington,North Carolina,United States
528,Lorant,Cake,lcakeen@gmpg.org,Lillooet,British Columbia,Canada
529,Hugues,Wilfling,hwilflingeo@fema.gov,Ponoka,Alberta,Canada
530,Ines,Calbrathe,icalbratheep@bing.com,Tacoma,Washington,United States
531,Luise,Ower,lowereq@dailymotion.com,St. Catharines,Ontario,Canada
532,Ferdie,Roelvink,froelvinker@sphinn.com,Hanover,Ontario,Canada
533,Mil,Wellard,mwellardes@miitbeian.gov.cn,Columbus,Ohio,United States
534,Averyl,Minchinton,aminchintonet@nytimes.com,Jasper Park Lodge,Alberta,Canada
535,Bat,Faunch,bfauncheu@goodreads.com,Hicksville,New York,United States
536,Lita,d' Eye,ldeyeev@paypal.com,Oromocto,New Brunswick,Canada
537,Leopold,McFarlane,lmcfarlaneew@biglobe.ne.jp,Lincoln,Nebraska,United States
538,Cherise,Bingell,cbingellex@photobucket.com,Fort Wayne,Indiana,United States
539,Nadean,Scarfe,nscarfeey@zimbio.com,Blainville,Québec,Canada
540,Dewie,Meenan,dmeenanez@canalblog.com,Nicolet,Québec,Canada
541,Camille,Rossbrooke,crossbrookef0@macromedia.com,St. Thomas,Ontario,Canada
542,Joseph,Brownett,jbrownettf1@japanpost.jp,Migrate,Kentucky,United States
543,Byran,Manston,bmanstonf2@gravatar.com,Sainte-Anne-de-Bellevue,Québec,Canada
544,Myrle,Deveral,mdeveralf3@feedburner.com,Washington,District of Columbia,United States
545,Isobel,Halvosen,ihalvosenf4@nydailynews.com,Clearwater,Florida,United States
546,Kaycee,Havesides,khavesidesf5@usda.gov,Orlando,Florida,United States
547,Inglebert,Woodroof,iwoodrooff6@twitter.com,Saint Louis,Missouri,United States
548,Nigel,Liccardo,nliccardof7@desdev.cn,Jamaica,New York,United States
549,Hall,Taunton.,htauntonf8@a8.net,San Diego,California,United States
550,Renell,Foucard,rfoucardf9@dell.com,Otterburn Park,Québec,Canada
551,Ealasaid,Normavill,enormavillfa@pen.io,San Bernardino,California,United States
552,Rene,Broadberry,rbroadberryfb@jiathis.com,Manning,Alberta,Canada
553,Greer,De Mattia,gdemattiafc@infoseek.co.jp,Chilliwack,British Columbia,Canada
554,Zach,Jemison,zjemisonfd@fastcompany.com,Denver,Colorado,United States
555,Seka,Sparkwill,ssparkwillfe@nbcnews.com,Denver,Colorado,United States
556,Jeanie,Bigglestone,jbigglestoneff@tmall.com,Orlando,Florida,United States
557,Rowen,Ankers,rankersfg@ucoz.ru,Mobile,Alabama,United States
558,Cyb,Skerman,cskermanfh@google.de,Greensboro,North Carolina,United States
559,Dorice,Hens,dhensfi@kickstarter.com,Lloydminster,Saskatchewan,Canada
560,Doloritas,Dryden,ddrydenfj@tinypic.com,Tampa,Florida,United States
561,Sampson,McQuillin,smcquillinfk@amazon.co.uk,Washington,District of Columbia,United States
562,Spike,Gerred,sgerredfl@addtoany.com,Sparks,Nevada,United States
563,Josephine,Ratcliffe,jratcliffefm@cbsnews.com,Arnprior,Ontario,Canada
564,Conni,Bohea,cboheafn@mtv.com,Malartic,Québec,Canada
565,Tatiania,Coldicott,tcoldicottfo@usatoday.com,East Angus,Québec,Canada
566,Graeme,Allpress,gallpressfp@blogspot.com,Jamaica,New York,United States
567,Annemarie,Kegan,akeganfq@webeden.co.uk,Detroit,Michigan,United States
568,Stanislaus,Swires,sswiresfr@delicious.com,Mobile,Alabama,United States
569,Lorie,Dunford,ldunfordfs@wikispaces.com,Newark,New Jersey,United States
570,Bunni,Philippard,bphilippardft@oakley.com,Oklahoma City,Oklahoma,United States
571,Gwendolin,Menego,gmenegofu@globo.com,Birmingham,Alabama,United States
572,Barnebas,McLean,bmcleanfv@360.cn,Fort Worth,Texas,United States
573,Aldridge,Dimelow,adimelowfw@domainmarket.com,Plessisville,Québec,Canada
574,Shelley,Paolinelli,spaolinellifx@godaddy.com,Rochester,New York,United States
575,Penrod,Lobbe,plobbefy@springer.com,Senneterre,Québec,Canada
576,Lesly,Chatenier,lchatenierfz@census.gov,Punta Gorda,Florida,United States
577,Syd,Bromhead,sbromheadg0@reference.com,Miami,Florida,United States
578,Laughton,Elington,lelingtong1@noaa.gov,Topeka,Kansas,United States
579,Corny,Kellick,ckellickg2@miitbeian.gov.cn,Chicago,Illinois,United States
580,Westbrook,Fish,wfishg3@amazonaws.com,Washington,District of Columbia,United States
581,Katusha,Bortolussi,kbortolussig4@multiply.com,Boca Raton,Florida,United States
582,Binni,Thridgould,bthridgouldg5@foxnews.com,Colorado Springs,Colorado,United States
583,Astra,Antonijevic,aantonijevicg6@columbia.edu,Whitehorse,Yukon Territory,Canada
584,Celina,Pennells,cpennellsg7@engadget.com,Rocky Mountain House,Alberta,Canada
585,Heywood,Froggatt,hfroggattg8@de.vu,Topeka,Kansas,United States
586,Rupert,Glazzard,rglazzardg9@springer.com,Saint Paul,Minnesota,United States
587,Alexina,MacGorman,amacgormanga@cisco.com,L'Île-Perrot,Québec,Canada
588,Nicolette,Curran,ncurrangb@nbcnews.com,Melita,Manitoba,Canada
589,Dael,Conradie,dconradiegc@privacy.gov.au,Clearwater,Florida,United States
590,Simeon,Paddingdon,spaddingdongd@oakley.com,Buffalo,New York,United States
591,Uriah,Hampshire,uhampshirege@npr.org,Arnprior,Ontario,Canada
592,Leeland,Pegram,lpegramgf@weather.com,Rosthern,Saskatchewan,Canada
593,Solly,Pfeifer,spfeifergg@redcross.org,New-Richmond,Québec,Canada
594,Karalynn,Lugden,klugdengh@is.gd,Brooklyn,New York,United States
595,Betteann,Grabert,bgrabertgi@webnode.com,Van Nuys,California,United States
596,Wileen,Janca,wjancagj@meetup.com,Pittsburgh,Pennsylvania,United States
597,Katha,Woolnough,kwoolnoughgk@google.ru,Coaticook,Québec,Canada
598,Fletcher,Haps,fhapsgl@shinystat.com,Pasadena,California,United States
599,Adelle,Maker,amakergm@chicagotribune.com,Kansas City,Kansas,United States
600,Hersch,Eberts,hebertsgn@hud.gov,Repentigny,Québec,Canada
601,Tam,MacSkeagan,tmacskeagango@hexun.com,Washington,District of Columbia,United States
602,Sella,Rosenhaus,srosenhausgp@blog.com,Cornwall,Prince Edward Island,Canada
603,Jehu,Kasparski,jkasparskigq@123-reg.co.uk,Young America,Minnesota,United States
604,Rosene,Quibell,rquibellgr@answers.com,Beausejour,Manitoba,Canada
605,Hilda,Pennetti,hpennettigs@tamu.edu,Fort Smith,Northwest Territories,Canada
606,Lev,Cheng,lchenggt@pcworld.com,Sechelt,British Columbia,Canada
607,Vernon,Charters,vchartersgu@hud.gov,Phoenix,Arizona,United States
608,Gnni,Burden,gburdengv@webmd.com,Princeville,Nova Scotia,Canada
609,Benetta,Hurdedge,bhurdedgegw@ning.com,Marieville,Québec,Canada
610,Tammi,Minister,tministergx@irs.gov,Denver,Colorado,United States
611,Gipsy,Jurries,gjurriesgy@multiply.com,Lexington,Kentucky,United States
612,Benyamin,Wrench,bwrenchgz@jimdo.com,Denver,Colorado,United States
613,Celina,McPike,cmcpikeh0@scientificamerican.com,Santa Fe,New Mexico,United States
614,Celestina,Ambrogi,cambrogih1@mayoclinic.com,Greenville,South Carolina,United States
615,Rona,Dawtrey,rdawtreyh2@imgur.com,Minneapolis,Minnesota,United States
616,Darren,Gasperi,dgasperih3@google.com.br,Otterburn Park,Québec,Canada
617,Heda,Boner,hbonerh4@yellowbook.com,Naples,Florida,United States
618,Bud,Yeeles,byeelesh5@360.cn,Buffalo,New York,United States
619,Joscelin,Kmicicki,jkmicickih6@blogs.com,Tallahassee,Florida,United States
620,Joellen,O'Corren,jocorrenh7@weather.com,Springfield,Illinois,United States
621,Angus,O'Fallone,aofalloneh8@npr.org,Rockford,Illinois,United States
622,Tobie,Beavors,tbeavorsh9@sogou.com,Roanoke,Virginia,United States
623,Farrel,Speller,fspellerha@hc360.com,Willowdale,Ontario,Canada
624,Malanie,Tersay,mtersayhb@storify.com,Morris,Manitoba,Canada
625,Kellen,Pinnock,kpinnockhc@gravatar.com,Birmingham,Alabama,United States
626,Porter,Ree,preehd@angelfire.com,Clearwater,Florida,United States
627,Huberto,Darrigrand,hdarrigrandhe@1und1.de,Magog,Québec,Canada
628,Jonell,Chatenier,jchatenierhf@vinaora.com,Des Moines,Iowa,United States
629,Larisa,Scaysbrook,lscaysbrookhg@comcast.net,Jamaica,New York,United States
630,Kahaleel,Renton,krentonhh@canalblog.com,Norfolk,Virginia,United States
631,Delila,Ryburn,dryburnhi@plala.or.jp,Las Vegas,Nevada,United States
632,Brose,Vallow,bvallowhj@123-reg.co.uk,Penhold,Alberta,Canada
633,Alicea,Patershall,apatershallhk@home.pl,Austin,Texas,United States
634,Ransell,Gallie,rgalliehl@netscape.com,St. Catharines,Ontario,Canada
635,Frederich,McPherson,fmcphersonhm@xing.com,Athabasca,Alberta,Canada
636,Darcy,Dmitrienko,ddmitrienkohn@seesaa.net,Fresno,California,United States
637,Cyril,Southworth,csouthworthho@imgur.com,Watrous,Saskatchewan,Canada
638,Lanny,Myrick,lmyrickhp@foxnews.com,Atlanta,Georgia,United States
639,Brittani,Bergeau,bbergeauhq@baidu.com,Jacksonville,Florida,United States
640,Berte,Huot,bhuothr@latimes.com,Phoenix,Arizona,United States
641,Codee,Timperley,ctimperleyhs@flavors.me,Memphis,Tennessee,United States
642,Emmanuel,Bellie,ebellieht@apache.org,Waterbury,Connecticut,United States
643,Fancie,Culpan,fculpanhu@wikimedia.org,Lacombe,Alberta,Canada
644,Brunhilda,Dufton,bduftonhv@ameblo.jp,Billings,Montana,United States
645,Haywood,O'Henecan,hohenecanhw@netvibes.com,Naperville,Illinois,United States
646,Daryn,Sanders,dsandershx@sogou.com,Tacoma,Washington,United States
647,Madonna,Humbee,mhumbeehy@ezinearticles.com,Corona,California,United States
648,Janela,Turmell,jturmellhz@nsw.gov.au,Cap-Santé,Québec,Canada
649,Averil,Sapsed,asapsedi0@spotify.com,El Paso,Texas,United States
650,Heall,Eadmead,headmeadi1@nationalgeographic.com,Conroe,Texas,United States
651,Anya,Balsillie,abalsilliei2@patch.com,Washington,District of Columbia,United States
652,Kylila,Akers,kakersi3@slideshare.net,Wilmington,Delaware,United States
653,Kingsly,Thorius,kthoriusi4@omniture.com,Reading,Pennsylvania,United States
654,Janeva,Forsard,jforsardi5@nydailynews.com,Gibsons,British Columbia,Canada
655,Andros,Peele,apeelei6@yale.edu,Vulcan,Alberta,Canada
656,Zack,Gussin,zgussini7@simplemachines.org,Langenburg,Saskatchewan,Canada
657,Jozef,Keedwell,jkeedwelli8@utexas.edu,Pensacola,Florida,United States
658,Shurlocke,Schurig,sschurigi9@csmonitor.com,Washington,District of Columbia,United States
659,Zora,Bernholt,zbernholtia@angelfire.com,El Paso,Texas,United States
660,Shanon,Greystoke,sgreystokeib@macromedia.com,Lawrenceville,Georgia,United States
661,Kaspar,Waldera,kwalderaic@umn.edu,Wichita,Kansas,United States
662,Emery,Ody,eodyid@cmu.edu,Pensacola,Florida,United States
663,Brew,Gooly,bgoolyie@vistaprint.com,Birmingham,Alabama,United States
664,Aleen,Klisch,aklischif@vk.com,Bellevue,Washington,United States
665,Franciskus,Ivashintsov,fivashintsovig@mlb.com,Springfield,Illinois,United States
666,Therese,Sieghard,tsieghardih@google.it,Midland,Texas,United States
667,Tomkin,Wontner,twontnerii@ftc.gov,Littleton,Colorado,United States
668,Darwin,Blackall,dblackallij@ftc.gov,Richmond,Québec,Canada
669,Barri,Hebborn,bhebbornik@psu.edu,Sacramento,California,United States
670,Jacki,Wilmington,jwilmingtonil@ask.com,Chico,California,United States
671,Stephan,Cowins,scowinsim@washingtonpost.com,Des Moines,Iowa,United States
672,Willow,Selley,wselleyin@wired.com,Racine,Wisconsin,United States
673,Sidoney,Allen,sallenio@people.com.cn,Beauceville,Québec,Canada
674,Dag,Maund,dmaundip@zimbio.com,New York City,New York,United States
675,Ailene,Luckings,aluckingsiq@drupal.org,Phoenix,Arizona,United States
676,Constancia,Pabelik,cpabelikir@desdev.cn,Newmarket,Ontario,Canada
677,Viola,Fronek,vfronekis@google.com.hk,Louiseville,Québec,Canada
678,Lammond,Brayley,lbrayleyit@bing.com,Papineauville,Québec,Canada
679,Norbie,Peatheyjohns,npeatheyjohnsiu@cafepress.com,Inuvik,Northwest Territories,Canada
680,Esmeralda,Shurville,eshurvilleiv@aboutads.info,Tucson,Arizona,United States
681,Arin,Strathearn,astrathearniw@ezinearticles.com,Cookshire-Eaton,Québec,Canada
682,Mareah,Jennery,mjenneryix@samsung.com,Chicago,Illinois,United States
683,Alvin,Giorgini,agiorginiiy@huffingtonpost.com,Charlotte,North Carolina,United States
684,Edouard,Giorgi,egiorgiiz@amazon.com,Lakeland,Florida,United States
685,Ertha,Visick,evisickj0@house.gov,Nashville,Tennessee,United States
686,Flint,Wileman,fwilemanj1@reddit.com,Timmins,Ontario,Canada
687,Constantia,Purshouse,cpurshousej2@stanford.edu,Nashville,Tennessee,United States
688,Sherlocke,Kidney,skidneyj3@mysql.com,Wilmington,Delaware,United States
689,Keri,Sowden,ksowdenj4@engadget.com,Valdosta,Georgia,United States
690,Jewelle,Dudley,jdudleyj5@stanford.edu,Columbus,Georgia,United States
691,Kendre,Cornner,kcornnerj6@diigo.com,Portland,Oregon,United States
692,Edan,Thoms,ethomsj7@boston.com,Dollard-Des Ormeaux,Québec,Canada
693,Nicko,Penton,npentonj8@jiathis.com,Nicolet,Québec,Canada
694,Linette,Nuttall,lnuttallj9@livejournal.com,Thetford-Mines,Québec,Canada
695,Wain,Hanton,whantonja@howstuffworks.com,Miami,Florida,United States
696,Odelia,Peverell,opeverelljb@4shared.com,Pasadena,California,United States
697,Channa,Bier,cbierjc@upenn.edu,San Antonio,Texas,United States
698,Gray,Malden,gmaldenjd@hc360.com,Taber,Alberta,Canada
699,Roman,Wheeldon,rwheeldonje@feedburner.com,Norfolk,Virginia,United States
700,Arty,Feehery,afeeheryjf@wikimedia.org,Kansas City,Missouri,United States
701,Frederic,Dedam,fdedamjg@reference.com,El Paso,Texas,United States
702,Cullie,Cavnor,ccavnorjh@technorati.com,Dallas,Texas,United States
703,Ashia,Corroyer,acorroyerji@parallels.com,Seattle,Washington,United States
704,Jenelle,Blackboro,jblackborojj@usgs.gov,Mobile,Alabama,United States
705,Elle,Aldersley,ealdersleyjk@sogou.com,Newark,New Jersey,United States
706,Iago,Wilstead,iwilsteadjl@edublogs.org,Anniston,Alabama,United States
707,Townsend,Hawe,thawejm@washington.edu,Boisbriand,Québec,Canada
708,Billy,Barock,bbarockjn@hp.com,Moncton,New Brunswick,Canada
709,Trudy,Hause,thausejo@chicagotribune.com,Wilmington,North Carolina,United States
710,Vale,Surphliss,vsurphlissjp@dropbox.com,Columbia,South Carolina,United States
711,Enrique,Posnette,eposnettejq@spiegel.de,Sundre,Alberta,Canada
712,Theo,Lown,tlownjr@boston.com,Decatur,Georgia,United States
713,Westley,Lepick,wlepickjs@photobucket.com,Mont-Tremblant,Québec,Canada
714,Chev,Kleuer,ckleuerjt@kickstarter.com,Salt Lake City,Utah,United States
715,Malynda,Buscher,mbuscherju@guardian.co.uk,Columbus,Ohio,United States
716,Kalina,Zarb,kzarbjv@theatlantic.com,Omaha,Nebraska,United States
717,Harriott,Roggieri,hroggierijw@cornell.edu,Louisville,Kentucky,United States
718,Agnella,Calkin,acalkinjx@discovery.com,West End,British Columbia,Canada
719,Ami,Lipp,alippjy@bizjournals.com,Topeka,Kansas,United States
720,Estrella,Caulliere,ecaullierejz@bandcamp.com,Schaumburg,Illinois,United States
721,Way,Ivantsov,wivantsovk0@geocities.jp,Los Angeles,California,United States
722,Adrianna,Hammerich,ahammerichk1@state.gov,Mattawa,Ontario,Canada
723,Dot,Brackstone,dbrackstonek2@engadget.com,Sarnia,Ontario,Canada
724,Anatollo,Callery,acalleryk3@ameblo.jp,Gibsons,British Columbia,Canada
725,Miquela,Glowacha,mglowachak4@twitpic.com,Oklahoma City,Oklahoma,United States
726,Hoebart,Clipsham,hclipshamk5@va.gov,Chico,California,United States
727,Donielle,Balcon,dbalconk6@answers.com,Wilmington,Delaware,United States
728,Torrey,Petrashkov,tpetrashkovk7@live.com,Greensboro,North Carolina,United States
729,Harri,Hasely,hhaselyk8@amazon.com,Kitimat,British Columbia,Canada
730,Sol,Locard,slocardk9@boston.com,Nashville,Tennessee,United States
731,Shepherd,Armitt,sarmittka@biblegateway.com,Metchosin,British Columbia,Canada
732,Larina,Antcliff,lantcliffkb@digg.com,Boston,Massachusetts,United States
733,Anallise,Duxbarry,aduxbarrykc@ihg.com,Jacksonville,Florida,United States
734,Annette,Gras,agraskd@mayoclinic.com,Washington,District of Columbia,United States
735,Peder,Borzone,pborzoneke@clickbank.net,Jacksonville,Florida,United States
736,Andria,Griffoen,agriffoenkf@usgs.gov,Kingsey Falls,Québec,Canada
737,Imelda,Porte,iportekg@typepad.com,Naperville,Illinois,United States
738,Eva,Branney,ebranneykh@amazon.co.uk,Shawnee Mission,Kansas,United States
739,Catlin,Blagdon,cblagdonki@de.vu,Annapolis,Maryland,United States
740,Jerrie,Grishanin,jgrishaninkj@mashable.com,Grand Forks,North Dakota,United States
741,Foss,Parkeson,fparkesonkk@loc.gov,Gibsons,British Columbia,Canada
742,Malorie,Poad,mpoadkl@studiopress.com,Boucherville,Québec,Canada
743,Jakie,Wastall,jwastallkm@foxnews.com,Crossfield,Alberta,Canada
744,Jenda,Lorenzini,jlorenzinikn@cafepress.com,Dayton,Ohio,United States
745,Saunders,Verbrugghen,sverbrugghenko@kickstarter.com,Dallas,Texas,United States
746,Maitilde,Schouthede,mschouthedekp@sun.com,San Diego,California,United States
747,Winifred,Abelwhite,wabelwhitekq@amazon.co.uk,Keswick,Ontario,Canada
748,Ingemar,Kelsey,ikelseykr@answers.com,Houston,Texas,United States
749,Nettle,Blencowe,nblencoweks@fema.gov,Lexington,Kentucky,United States
750,Lilllie,Salla,lsallakt@washingtonpost.com,Kingsport,Tennessee,United States
751,Tuck,Gerant,tgerantku@businessinsider.com,Rosthern,Saskatchewan,Canada
752,Teodorico,Leven,tlevenkv@nih.gov,Denver,Colorado,United States
753,Cathy,Christiensen,cchristiensenkw@yahoo.com,Tallahassee,Florida,United States
754,Claudia,Emilien,cemilienkx@ed.gov,Minneapolis,Minnesota,United States
755,Alaric,Bentson,abentsonky@archive.org,Roblin,Manitoba,Canada
756,Ardine,Pharo,apharokz@mozilla.org,Lavaltrie,Québec,Canada
757,Augie,Wipper,awipperl0@hhs.gov,Charlotte,North Carolina,United States
758,Hallie,Drabble,hdrabblel1@drupal.org,Clearwater,Florida,United States
759,Chet,Gingold,cgingoldl2@irs.gov,Dallas,Texas,United States
760,Ninetta,Reiners,nreinersl3@toplist.cz,Montgomery,Alabama,United States
761,Dori,Di Carlo,ddicarlol4@desdev.cn,Hearst,Ontario,Canada
762,Stella,Crosetto,scrosettol5@wufoo.com,Little Rock,Arkansas,United States
763,Sloan,Tanfield,stanfieldl6@storify.com,Nackawic,New Brunswick,Canada
764,Galina,Rudge,grudgel7@clickbank.net,Harrison Brook,New Brunswick,Canada
765,Blanch,Westphalen,bwestphalenl8@ft.com,L'Assomption,Québec,Canada
766,Shanda,Hellard,shellardl9@friendfeed.com,Fox Creek,Alberta,Canada
767,Aloysius,Bloodworth,abloodworthla@360.cn,Toronto,Ontario,Canada
768,Philipa,Stachini,pstachinilb@digg.com,El Paso,Texas,United States
769,Jaquenette,Craghead,jcragheadlc@hatena.ne.jp,Stamford,Connecticut,United States
770,Elianore,Wylam,ewylamld@smugmug.com,Cornwall,Prince Edward Island,Canada
771,Tomaso,Limpricht,tlimprichtle@sun.com,Houston,Texas,United States
772,Davis,Farrell,dfarrelllf@gnu.org,Pittsburgh,Pennsylvania,United States
773,Loria,Rozzell,lrozzelllg@stanford.edu,Spartanburg,South Carolina,United States
774,Felix,Gyngell,fgyngelllh@epa.gov,Columbus,Ohio,United States
775,Fabien,Sprosson,fsprossonli@cmu.edu,Camden,New Jersey,United States
776,Fred,Pedrollo,fpedrollolj@netscape.com,Seattle,Washington,United States
777,Torrence,Coppard,tcoppardlk@adobe.com,Las Vegas,Nevada,United States
778,Graehme,Abbots,gabbotsll@usatoday.com,Fort Wayne,Indiana,United States
779,Magdalena,Hecks,mheckslm@columbia.edu,Saint Cloud,Minnesota,United States
780,Emmy,Mattisson,emattissonln@diigo.com,Terre Haute,Indiana,United States
781,Sandie,Jamblin,sjamblinlo@comsenz.com,Whitehorse,Yukon Territory,Canada
782,Joanna,Giacoboni,jgiacobonilp@seattletimes.com,Erie,Pennsylvania,United States
783,Ragnar,Fishbie,rfishbielq@ocn.ne.jp,Dayton,Ohio,United States
784,Micah,Pitcher,mpitcherlr@redcross.org,New York City,New York,United States
785,Jodi,Rimour,jrimourls@marketwatch.com,Dayton,Ohio,United States
786,Hubie,Petkens,hpetkenslt@alibaba.com,Miramichi,New Brunswick,Canada
787,Linda,Gurrado,lgurradolu@home.pl,Vancouver,Washington,United States
788,Annice,Sawle,asawlelv@wunderground.com,Swan Hills,Alberta,Canada
789,Harvey,Farbrace,hfarbracelw@blogspot.com,Washington,District of Columbia,United States
790,Dennet,Cubley,dcubleylx@businessinsider.com,Philadelphia,Pennsylvania,United States
791,Constantine,Delgadillo,cdelgadilloly@constantcontact.com,Schaumburg,Illinois,United States
792,Shara,Roos,srooslz@shop-pro.jp,Saint Louis,Missouri,United States
793,Ariana,Hevey,aheveym0@tinyurl.com,Shreveport,Louisiana,United States
794,Bab,Aylott,baylottm1@linkedin.com,Prince Edward,Ontario,Canada
795,Barry,Sandy,bsandym2@soup.io,Saint-Ambroise,Québec,Canada
796,Nikki,Crush,ncrushm3@xinhuanet.com,Katy,Texas,United States
797,Brear,Archbutt,barchbuttm4@mayoclinic.com,Gainesville,Florida,United States
798,Honoria,Eddison,heddisonm5@comcast.net,Espanola,Ontario,Canada
799,Brandy,Maillard,bmaillardm6@reddit.com,Tampa,Florida,United States
800,Jobye,Rennles,jrennlesm7@flavors.me,Louiseville,Québec,Canada
801,Isacco,Dewi,idewim8@cargocollective.com,Saint-Lin-Laurentides,Québec,Canada
802,Spence,Buggy,sbuggym9@marriott.com,Lakeland,Florida,United States
803,Lynette,Laurent,llaurentma@etsy.com,Erie,Pennsylvania,United States
804,Mickie,Bennedick,mbennedickmb@google.com.au,Valdosta,Georgia,United States
805,Odey,Simonson,osimonsonmc@xing.com,Grand Rapids,Michigan,United States
806,Babbette,Francescuccio,bfrancescucciomd@kickstarter.com,Cincinnati,Ohio,United States
807,Regan,Oakinfold,roakinfoldme@shop-pro.jp,Windsor,Québec,Canada
808,Mae,Steele,msteelemf@ocn.ne.jp,Peachland,British Columbia,Canada
809,Grace,Flieg,gfliegmg@webeden.co.uk,Boise,Idaho,United States
810,Aguie,Benka,abenkamh@reference.com,Côte-Saint-Luc,Québec,Canada
811,Alleen,Fenkel,afenkelmi@japanpost.jp,Washington,District of Columbia,United States
812,Dawn,Marling,dmarlingmj@gnu.org,Saint-Eustache,Québec,Canada
813,Orel,Sanchiz,osanchizmk@sina.com.cn,Newark,Delaware,United States
814,Stewart,Hoyles,shoylesml@g.co,Minneapolis,Minnesota,United States
815,Carmelita,Gimenez,cgimenezmm@discuz.net,Bridgewater,Nova Scotia,Canada
816,Channa,Gewer,cgewermn@guardian.co.uk,Newark,Delaware,United States
817,Gigi,Eacott,geacottmo@cafepress.com,Pensacola,Florida,United States
818,Jarred,Rousell,jrousellmp@github.io,Boston,Massachusetts,United States
819,Vicky,Logsdail,vlogsdailmq@hc360.com,Reno,Nevada,United States
820,Ewen,Pucknell,epucknellmr@wordpress.com,Orlando,Florida,United States
821,Milly,Corringham,mcorringhamms@diigo.com,Sainte-Agathe-des-Monts,Québec,Canada
822,Rivi,Dillimore,rdillimoremt@live.com,Plessisville,Québec,Canada
823,Jo ann,Haythorn,jhaythornmu@netlog.com,Sioux City,Iowa,United States
824,Fay,Dymond,fdymondmv@netlog.com,Langford,British Columbia,Canada
825,Kelli,Anniwell,kanniwellmw@xinhuanet.com,Concord,Ontario,Canada
826,Brocky,Thominga,bthomingamx@meetup.com,Burnaby,British Columbia,Canada
827,Franciskus,Mcsarry,fmcsarrymy@yelp.com,Tyler,Texas,United States
828,Alejoa,Gurling,agurlingmz@wired.com,White Rock,British Columbia,Canada
829,Clive,Seavers,cseaversn0@t.co,Saint-Joseph-de-Coleraine,Québec,Canada
830,Jeno,Comford,jcomfordn1@domainmarket.com,Kansas City,Kansas,United States
831,Beulah,Hearne,bhearnen2@senate.gov,Naples,Florida,United States
832,Randolph,Peek,rpeekn3@g.co,Merritt,British Columbia,Canada
833,Trixy,Nutley,tnutleyn4@webmd.com,Springfield,Massachusetts,United States
834,Laverna,Hargreave,lhargreaven5@webmd.com,Hanover,Ontario,Canada
835,Burnaby,Kristoffersen,bkristoffersenn6@mysql.com,Prévost,Québec,Canada
836,Seana,Muselli,smusellin7@kickstarter.com,Swan Hills,Alberta,Canada
837,D'arcy,Biermatowicz,dbiermatowiczn8@etsy.com,Charleston,West Virginia,United States
838,Elyssa,Jakubovits,ejakubovitsn9@globo.com,Independence,Missouri,United States
839,Abbe,Gilluley,agilluleyna@spiegel.de,Jacksonville,Florida,United States
840,Ingar,Hazard,ihazardnb@mtv.com,San Bernardino,California,United States
841,Murdoch,Newhouse,mnewhousenc@china.com.cn,Philadelphia,Pennsylvania,United States
842,Lucia,Malley,lmalleynd@japanpost.jp,Independence,Missouri,United States
843,Gerome,Skerrett,gskerrettne@utexas.edu,Laval,Québec,Canada
844,Bennie,Boutcher,bboutchernf@mlb.com,Flushing,New York,United States
845,Jerrold,Idwal Evans,jidwalevansng@yolasite.com,Niagara Falls,Ontario,Canada
846,Thomasina,Foulis,tfoulisnh@wordpress.org,Virginia Beach,Virginia,United States
847,Alfons,Peckitt,apeckittni@princeton.edu,Milwaukee,Wisconsin,United States
848,Walt,Wallach,wwallachnj@plala.or.jp,Orillia,Ontario,Canada
849,Caren,Beddall,cbeddallnk@360.cn,Philadelphia,Pennsylvania,United States
850,Lock,Epgrave,lepgravenl@fc2.com,Columbus,Georgia,United States
851,Clareta,Farryan,cfarryannm@bluehost.com,Augusta,Georgia,United States
852,Claudette,Lawrie,clawrienn@time.com,Logan Lake,British Columbia,Canada
853,Lyndsie,Drewson,ldrewsonno@technorati.com,Angus,Ontario,Canada
854,Tonie,Kesteven,tkestevennp@salon.com,Burgeo,Newfoundland and Labrador,Canada
855,Charlot,Best,cbestnq@telegraph.co.uk,Lachute,Québec,Canada
856,Casper,Slimmon,cslimmonnr@twitter.com,Cleveland,Ohio,United States
857,Rozalin,Grange,rgrangens@istockphoto.com,Corona,California,United States
858,Eydie,Dogg,edoggnt@myspace.com,Houston,Texas,United States
859,Artemis,Iaduccelli,aiaduccellinu@netlog.com,Los Angeles,California,United States
860,Yancey,Pichan,ypichannv@nsw.gov.au,Vanderhoof,British Columbia,Canada
861,Nerita,Skamal,nskamalnw@so-net.ne.jp,Saint-Rémi,Québec,Canada
862,Graeme,Alliot,galliotnx@mozilla.org,Humble,Texas,United States
863,Gardie,Plascott,gplascottny@prlog.org,Richmond,British Columbia,Canada
864,Janis,Bartolomeazzi,jbartolomeazzinz@about.me,Pembroke,Ontario,Canada
865,Myrilla,Hammett,mhammetto0@dion.ne.jp,Camlachie,Ontario,Canada
866,James,Dunster,jdunstero1@uol.com.br,Atlanta,Georgia,United States
867,Wyatan,Pitman,wpitmano2@usda.gov,Logan Lake,British Columbia,Canada
868,Stormie,Kinder,skindero3@ucoz.com,Mirabel,Québec,Canada
869,Wallas,Bootes,wbooteso4@baidu.com,Newark,Delaware,United States
870,Shelden,Claesens,sclaesenso5@amazon.co.jp,Baton Rouge,Louisiana,United States
871,Hermann,Casero,hcaseroo6@woothemes.com,Houston,Texas,United States
872,Wiley,Sheavills,wsheavillso7@apple.com,Reading,Pennsylvania,United States
873,Brigida,Yallop,byallopo8@icio.us,Revelstoke,British Columbia,Canada
874,Marcello,McClelland,mmcclellando9@harvard.edu,Seattle,Washington,United States
875,Bernadette,Towlson,btowlsonoa@ebay.com,Miami,Florida,United States
876,Kendal,Bengtsson,kbengtssonob@theguardian.com,Bethlehem,Pennsylvania,United States
877,Rodney,Popham,rpophamoc@wsj.com,Detroit,Michigan,United States
878,Sindee,Dobinson,sdobinsonod@dion.ne.jp,Boise,Idaho,United States
879,Roxy,Redwood,rredwoodoe@bbc.co.uk,Huntington,West Virginia,United States
880,Byrann,Cisco,bciscoof@sfgate.com,Marathon,Ontario,Canada
881,Vina,Smiz,vsmizog@privacy.gov.au,Windsor,Québec,Canada
882,Artemas,Tremblay,atremblayoh@pinterest.com,Norfolk County,Ontario,Canada
883,Jehu,Kett,jkettoi@boston.com,San Diego,California,United States
884,Bennie,Vaudre,bvaudreoj@apple.com,Mont-Tremblant,Québec,Canada
885,Mohandis,MacChaell,mmacchaellok@skype.com,Arlington,Virginia,United States
886,Cecile,Starking,cstarkingol@xinhuanet.com,Birmingham,Alabama,United States
887,Jeannette,Postlewhite,jpostlewhiteom@indiegogo.com,San Francisco,California,United States
888,Jayne,Clackson,jclacksonon@statcounter.com,La Tuque,Québec,Canada
889,Jereme,Cockshut,jcockshutoo@nydailynews.com,San Jose,California,United States
890,Isabelle,Cornelisse,icornelisseop@nasa.gov,Mercier,Québec,Canada
891,Keith,Wordsworth,kwordsworthoq@indiatimes.com,Rochester,New York,United States
892,Zelma,Weild,zweildor@slashdot.org,Lunenburg,Nova Scotia,Canada
893,Inez,Swalough,iswaloughos@wunderground.com,Alhambra,California,United States
894,Noam,Huckell,nhuckellot@umn.edu,Langenburg,Saskatchewan,Canada
895,Kerri,Leibold,kleiboldou@indiatimes.com,Kansas City,Kansas,United States
896,Eada,Wybern,ewybernov@salon.com,Richmond,Québec,Canada
897,Sheffield,Paffot,spaffotow@multiply.com,San Jose,California,United States
898,Wanids,Pinchin,wpinchinox@jimdo.com,Val-d'Or,Québec,Canada
899,Odey,Laba,olabaoy@soundcloud.com,Florence,South Carolina,United States
900,Olympia,Scalia,oscaliaoz@naver.com,Lamont,Alberta,Canada
901,Dayna,Ubsdell,dubsdellp0@shareasale.com,Youngstown,Ohio,United States
902,Issi,Cronin,icroninp1@hugedomains.com,Raleigh,North Carolina,United States
903,Yoko,Glaserman,yglasermanp2@zimbio.com,Dorval,Québec,Canada
904,Leopold,Shernock,lshernockp3@cnbc.com,Delaware,Ontario,Canada
905,Jodi,Derwin,jderwinp4@goo.gl,Ormstown,Québec,Canada
906,Jocko,Cornock,jcornockp5@123-reg.co.uk,Wabana,Newfoundland and Labrador,Canada
907,Flori,MacManus,fmacmanusp6@timesonline.co.uk,El Paso,Texas,United States
908,Temple,Ascrofte,tascroftep7@g.co,Providence,Rhode Island,United States
909,Talyah,Pauluzzi,tpauluzzip8@dyndns.org,Dallas,Texas,United States
910,Arvy,Shaplin,ashaplinp9@ycombinator.com,Peace River,Alberta,Canada
911,Adriana,Cordeau],acordeaupa@miitbeian.gov.cn,Albany,New York,United States
912,Fanchette,Murrish,fmurrishpb@unesco.org,Fairbanks,Alaska,United States
913,Reyna,Bauduccio,rbauducciopc@is.gd,Willowdale,Ontario,Canada
914,Loni,Pellew,lpellewpd@tinypic.com,Whistler,British Columbia,Canada
915,Arabella,Velez,avelezpe@tamu.edu,Waterbury,Connecticut,United States
916,Jorgan,Kupka,jkupkapf@thetimes.co.uk,Chattanooga,Tennessee,United States
917,Karmen,Gready,kgreadypg@tinyurl.com,Columbia,Missouri,United States
918,Bobbee,Jenton,bjentonph@hatena.ne.jp,Boissevain,Manitoba,Canada
919,Ted,Irons,tironspi@goo.gl,Jacksonville,Florida,United States
920,Ram,Simacek,rsimacekpj@hao123.com,San Jose,California,United States
921,Dorris,Eppson,deppsonpk@google.nl,Sacramento,California,United States
922,Kenna,Giacomi,kgiacomipl@about.me,Tucson,Arizona,United States
923,Kimble,Bernuzzi,kbernuzzipm@hatena.ne.jp,Port-Cartier,Québec,Canada
924,Ram,Sponer,rsponerpn@adobe.com,Nashville,Tennessee,United States
925,Gwenneth,Killik,gkillikpo@github.com,Corpus Christi,Texas,United States
926,Nickolas,Brettelle,nbrettellepp@gravatar.com,North Cowichan,British Columbia,Canada
927,Jeanine,Shearn,jshearnpq@list-manage.com,Birmingham,Alabama,United States
928,Ximenez,Mangeot,xmangeotpr@census.gov,San Antonio,Texas,United States
929,Humbert,Wagnerin,hwagnerinps@howstuffworks.com,Brooklyn,New York,United States
930,Devonne,Freen,dfreenpt@etsy.com,Beaumont,Alberta,Canada
931,Hendrika,Colnet,hcolnetpu@technorati.com,Garden Grove,California,United States
932,Beverlee,Ivashnikov,bivashnikovpv@1688.com,Hartford,Connecticut,United States
933,Halimeda,MacClenan,hmacclenanpw@hexun.com,Hanna,Alberta,Canada
934,Harmonie,MacVay,hmacvaypx@ehow.com,Augusta,Georgia,United States
935,Marline,Ranking,mrankingpy@icio.us,Saguenay,Québec,Canada
936,Homere,Levings,hlevingspz@icio.us,North Little Rock,Arkansas,United States
937,Bliss,Beever,bbeeverq0@123-reg.co.uk,Tulsa,Oklahoma,United States
938,Oliver,Mallindine,omallindineq1@cyberchimps.com,Bay Roberts,Newfoundland and Labrador,Canada
939,Reagan,Kmietsch,rkmietschq2@army.mil,Canmore,Alberta,Canada
940,Bekki,Endle,bendleq3@google.ca,Hudson Bay,Saskatchewan,Canada
941,Delmer,Jent,djentq4@jimdo.com,Dallas,Texas,United States
942,Franciska,Gofforth,fgofforthq5@guardian.co.uk,Jacksonville,Florida,United States
943,Basia,Everest,beverestq6@amazon.co.jp,Nashville,Tennessee,United States
944,Normy,Serrels,nserrelsq7@t-online.de,Portland,Oregon,United States
945,Freddy,Allwell,fallwellq8@drupal.org,Tuscaloosa,Alabama,United States
946,Marlowe,Hegdonne,mhegdonneq9@wiley.com,Port Hawkesbury,Nova Scotia,Canada
947,Nana,Whate,nwhateqa@prlog.org,Saskatoon,Saskatchewan,Canada
948,Andras,Keinrat,akeinratqb@livejournal.com,Albany,New York,United States
949,Grace,Challen,gchallenqc@theguardian.com,Seattle,Washington,United States
950,Sampson,Titcombe,stitcombeqd@fc2.com,West Palm Beach,Florida,United States
951,Marilee,Conkey,mconkeyqe@meetup.com,Reston,Virginia,United States
952,Karlis,Peres,kperesqf@shop-pro.jp,Orlando,Florida,United States
953,Kipp,Rean,kreanqg@reddit.com,Summerside,Prince Edward Island,Canada
954,Baird,Manterfield,bmanterfieldqh@is.gd,Clarence-Rockland,Ontario,Canada
955,Melamie,McPartlin,mmcpartlinqi@g.co,Jackson,Mississippi,United States
956,Olivier,Eisikovitsh,oeisikovitshqj@addthis.com,Stamford,Connecticut,United States
957,Derick,Stockin,dstockinqk@naver.com,Denton,Texas,United States
958,Adelind,Senechault,asenechaultql@wix.com,Raleigh,North Carolina,United States
959,Laure,Gumley,lgumleyqm@ucsd.edu,Reno,Nevada,United States
960,Bone,Stanners,bstannersqn@wikipedia.org,Birmingham,Alabama,United States
961,Lia,Sitford,lsitfordqo@goo.gl,Jacksonville,Florida,United States
962,Bobbi,Morgan,bmorganqp@slashdot.org,Dallas,Texas,United States
963,Lisbeth,Penhall,lpenhallqq@alexa.com,Prince Albert,Saskatchewan,Canada
964,Remus,Dyball,rdyballqr@yahoo.com,Tulsa,Oklahoma,United States
965,Brion,Cleef,bcleefqs@vk.com,Portland,Oregon,United States
966,Marleah,Lowers,mlowersqt@sciencedirect.com,Keswick,Ontario,Canada
967,Chilton,Jagiela,cjagielaqu@examiner.com,New York City,New York,United States
968,Veronica,Boichat,vboichatqv@google.cn,Tulsa,Oklahoma,United States
969,Dominik,Renish,drenishqw@nature.com,Petrolia,Ontario,Canada
970,Eadith,Forrester,eforresterqx@hexun.com,Hantsport,Nova Scotia,Canada
971,Herman,MacCook,hmaccookqy@seesaa.net,Grimshaw,Alberta,Canada
972,Roseline,Santus,rsantusqz@ibm.com,Knoxville,Tennessee,United States
973,Ettie,de Copeman,edecopemanr0@patch.com,Bronx,New York,United States
974,Ruttger,Rowbottom,rrowbottomr1@ow.ly,Spartanburg,South Carolina,United States
975,Fleur,Asee,faseer2@scribd.com,Indianapolis,Indiana,United States
976,Pedro,Shillaber,pshillaberr3@ftc.gov,San Angelo,Texas,United States
977,Uri,Cowthard,ucowthardr4@mac.com,Montréal,Québec,Canada
978,Nels,Gomersal,ngomersalr5@dailymail.co.uk,New York City,New York,United States
979,Prescott,Halwood,phalwoodr6@cpanel.net,Windsor,Ontario,Canada
980,Leontine,Reader,lreaderr7@quantcast.com,Arlington,Virginia,United States
981,Mayer,Wilbud,mwilbudr8@dion.ne.jp,Louisville,Kentucky,United States
982,Alli,Woosnam,awoosnamr9@sogou.com,Springfield,Massachusetts,United States
983,Derek,Edens,dedensra@ox.ac.uk,Honolulu,Hawaii,United States
984,Neville,Trim,ntrimrb@ebay.co.uk,Saint Andrews,New Brunswick,Canada
985,Estel,Hammonds,ehammondsrc@youtu.be,Greenville,South Carolina,United States
986,Page,Sawood,psawoodrd@hc360.com,Huntsville,Alabama,United States
987,Mufinella,Paaso,mpaasore@answers.com,Albany,New York,United States
988,Gabriele,Sarle,gsarlerf@craigslist.org,North Perth,Ontario,Canada
989,Ravid,Kift,rkiftrg@pcworld.com,Washington,District of Columbia,United States
990,Linnie,Canete,lcaneterh@cnbc.com,Louisville,Kentucky,United States
991,Osbert,Scrammage,oscrammageri@xrea.com,Ottawa,Ontario,Canada
992,Phelia,McGarvie,pmcgarvierj@exblog.jp,Daytona Beach,Florida,United States
993,Susette,Seward,ssewardrk@ucoz.ru,Knoxville,Tennessee,United States
994,Olivie,Harrigan,oharriganrl@zdnet.com,Petawawa,Ontario,Canada
995,Cyndi,McEwen,cmcewenrm@sun.com,Boise,Idaho,United States
996,Bess,Bischof,bbischofrn@discuz.net,Cincinnati,Ohio,United States
997,Pacorro,Guilbert,pguilbertro@wordpress.com,Pittsburgh,Pennsylvania,United States
998,Donnell,Zohrer,dzohrerrp@google.pl,Columbia,South Carolina,United States
999,Clarice,Cottle,ccottlerq@hud.gov,Newark,New Jersey,United States
1000,Vinnie,Boyland,vboylandrr@chronoengine.com,Boisbriand,Québec,Canada
